id,avg1,tavg1,avg2,tavg2,avg3,tavg3,avg4,tavg4,avg5,tavg5
33748,26792.29683870966,334.0137741935484,30852.28523333332,432.7988666666667,38776.68840740739,-232.62318518518518,26848.154289473692,-617.4864210526315,5908.495322580649,-284.31780645161285
33748,26792.29683870966,334.0137741935484,30852.28523333332,432.7988666666667,38776.68840740739,-232.62318518518518,26848.154289473692,-617.4864210526315,5908.495322580649,-284.31780645161285
